site,wild type,mutation,mut value,mutation,mut value,mutation,mut value,mutation,mut value,mutation,mut value,mutation,mut value,mutation,mut value,mutation,mut value,mutation,mut value,mutation,mut value,mutation,mut value,mutation,mut value,mutation,mut value,mutation,mut value,mutation,mut value,mutation,mut value,mutation,mut value,mutation,mut value,mutation,mut value,mutation,mut value
1,H,A,0,C,0,D,0,E,0,F,0,G,0,H,99.99617493,I,0,K,0,L,0,M,0,N,0,P,0,Q,0,R,0,S,0,T,0,V,0,W,0,Y,0
2,N,A,0,C,0,D,0,E,0,F,0,G,0,H,0,I,0.523488686,K,0.2639301,L,0,M,0.007650148,N,98.50986049,P,0,Q,0,R,0.007650148,S,0.304913034,T,0.368846412,V,0,W,0,Y,0
3,L,A,0,C,0.004917952,D,0.001092878,E,0.021857565,F,0.544799812,G,0.013660978,H,0.508734829,I,0.489063021,K,0.007103709,L,97.53555953,M,0.001092878,N,0.007103709,P,0.543706934,Q,0.004917952,R,0.223493604,S,0.004371513,T,0.008743026,V,0.040436496,W,0,Y,0.01912537
4,T,A,0.224586482,C,0.010382343,D,0.000546439,E,0.000546439,F,0.009289465,G,0.003825074,H,0.000546439,I,0.69670989,K,0.005464391,L,0.549171325,M,0.001092878,N,0.48359863,P,0.042622252,Q,0.007650148,R,0.002185757,S,0.412561543,T,97.4918444,V,0.026229078,W,0,Y,0.014753856
5,T,A,0.236608143,C,0.005464391,D,0.002185757,E,0.001639317,F,0.005464391,G,0.009289465,H,0.005464391,I,0.744250094,K,0.000546439,L,0.589607821,M,0,N,0.402725638,P,0.090708895,Q,0.003278635,R,0.002185757,S,0.493980973,T,97.36670984,V,0.005464391,W,0,Y,0.024043322
6,I,A,0.004371513,C,0.008196587,D,0.002185757,E,0,F,0.526220882,G,0,H,0.000546439,I,97.14103047,K,0.017486052,L,0.654087638,M,0.035518543,N,0.548624886,P,0.004371513,Q,0.021857565,R,0,S,0.152456517,T,0.568843134,V,0.279230395,W,0,Y,0.01857893
7,T,A,0.252454878,C,0.000546439,D,0.0125681,E,0,F,0.003278635,G,0.001092878,H,0.004917952,I,0.644251734,K,0.101091239,L,0.695070573,M,0.000546439,N,0.328956356,P,0.090708895,Q,0.002732196,R,0.009289465,S,0.506549073,T,97.29403343,V,0.008743026,W,0,Y,0.016393174
8,K,A,0.021857565,C,0.001092878,D,0.001639317,E,0.320759769,F,0,G,0.021311126,H,0.001639317,I,0.008196587,K,96.80824905,L,0.024043322,M,0.515838538,N,0.434419108,P,0.102184117,Q,0.030600591,R,0.369392851,S,0.969383016,T,0.155188713,V,0.03114703,W,0.001639317,Y,0
9,P,A,0.066665574,C,0.01857893,D,0,E,0.008196587,F,0.00655727,G,0.001639317,H,0.544253373,I,0.0125681,K,0.008743026,L,1.617459823,M,0.001639317,N,0.025682639,P,96.80169178,Q,0.010382343,R,0.026229078,S,0.67813096,T,0.159013787,V,0.002185757,W,0,Y,0.001639317
10,L,A,0.030600591,C,0.001092878,D,0.001092878,E,0,F,0.497259608,G,0.00601083,H,0.655726955,I,0.435511986,K,0.1005448,L,97.53173445,M,0,N,0.001639317,P,0.486330825,Q,0.008196587,R,0.120763048,S,0.050818839,T,0.003278635,V,0.011475222,W,0.011475222,Y,0.018032491
11,K,A,0,C,0.004917952,D,0.004917952,E,0.287973421,F,0.000546439,G,0.022950443,H,0,I,0.013660978,K,96.38749092,L,0.003825074,M,0.611465386,N,0.473762725,P,0.003278635,Q,0.034972104,R,0.421851008,S,1.104353481,T,0.084698065,V,0.019671809,W,0.008196587,Y,0.113659339
12,Y,A,0.008743026,C,0.286334104,D,0.046447326,E,0.00655727,F,0.388518221,G,0.015846735,H,0.312563182,I,0.010382343,K,0.007650148,L,0.026775517,M,0.000546439,N,0.317481134,P,0.001639317,Q,0.039343617,R,0.001092878,S,0.160653104,T,1.128396802,V,0.0251362,W,0,Y,96.88256477
13,S,A,1.13604695,C,0.695617012,D,0.0125681,E,0,F,0.001092878,G,0.519117173,H,0.003278635,I,0.342617334,K,0.001639317,L,0.045900887,M,0,N,0.943700376,P,0.004371513,Q,0.023496883,R,0.664469981,S,95.27056933,T,0.177046278,V,0.011475222,W,0.00655727,Y,0.127866756
14,Y,A,0.009289465,C,0.336606504,D,0.110927143,E,0,F,0.730589116,G,0.001639317,H,0.401086321,I,1.258449315,K,0.00655727,L,0.059015426,M,0.002732196,N,0.453544477,P,0.001092878,Q,0.004371513,R,0.003278635,S,0.086337382,T,0.0125681,V,0.007650148,W,0,Y,96.11317847
15,I,A,0.001092878,C,0.00655727,D,0.015300296,E,0.008743026,F,0.391796856,G,0,H,0.000546439,I,96.62519194,K,0.014207417,L,1.212001989,M,0.03114703,N,0.761736146,P,0.026229078,Q,0.001639317,R,0.001092878,S,0.114752217,T,0.446987208,V,0.246444047,W,0.000546439,Y,0.034425665
16,N,A,0.010382343,C,0.030600591,D,0.348081725,E,0.003278635,F,0.002732196,G,0,H,0.072129965,I,0.616383338,K,0.337699382,L,0.010382343,M,0.00601083,N,96.13503604,P,0.001639317,Q,0.030600591,R,0.00655727,S,0.45846243,T,1.416370223,V,0.014753856,W,0.0125681,Y,0.441522817
17,K,A,0.008743026,C,0.111473582,D,0.000546439,E,0.591247138,F,0,G,0.003825074,H,0.003825074,I,0.014207417,K,95.13122736,L,0.004917952,M,0.789058103,N,0.462833943,P,0.004371513,Q,0.165024617,R,0.435511986,S,1.344240258,T,0.1382491,V,0.056829669,W,0.007103709,Y,0.0125681
18,C,A,1.32456845,C,95.67001634,D,0.005464391,E,0,F,0.223493604,G,0.091255335,H,0.008196587,I,0.00601083,K,0.000546439,L,0.046993765,M,0.001639317,N,0.002732196,P,0.001639317,Q,0.007103709,R,0.419665251,S,0.738239264,T,0.033332787,V,0.04371513,W,0.063386939,Y,0.90982115
19,S,A,0.053004596,C,0.034972104,D,0,E,0.014753856,F,0.585782747,G,0.000546439,H,0.01857893,I,0.028961274,K,0.004371513,L,1.413091589,M,0.000546439,N,0.003825074,P,0.432233351,Q,0.002185757,R,0.104916313,S,96.2951427,T,0.334420747,V,0.00601083,W,0,Y,0.627312121
20,R,A,0.009289465,C,0.733867751,D,0.003278635,E,0.000546439,F,0.010382343,G,0.040436496,H,0.912006907,I,0.017486052,K,0.00655727,L,0.36392846,M,0,N,0.003278635,P,0.197810965,Q,0.020218248,R,95.65307673,S,0.584143429,T,0.012021661,V,1.401069928,W,0.002732196,Y,0.007650148
21,L,A,0.001092878,C,0.001092878,D,0.001092878,E,0.000546439,F,1.86445031,G,0.001092878,H,0.820205133,I,0.485237947,K,0.000546439,L,95.94050371,M,0.002732196,N,0.012021661,P,0.539335421,Q,0.004917952,R,0.149177882,S,0.086883822,T,0.001639317,V,0.044261569,W,0.000546439,Y,0.008743026
22,L,A,0.015846735,C,0.01912537,D,0.008196587,E,0.00601083,F,2.053518248,G,0,H,0.695070573,I,0.508734829,K,0,L,95.78804719,M,0.002185757,N,0.003825074,P,0.466112577,Q,0.024043322,R,0.175406961,S,0.162292421,T,0.002185757,V,0.037157861,W,0,Y,0.008196587
23,S,A,0.083058748,C,0.079233674,D,0.110927143,E,0.001639317,F,0.516384977,G,0.004371513,H,0.004371513,I,0.001639317,K,0.001092878,L,1.536586832,M,0.01857893,N,0.0125681,P,0.365567778,Q,0.012021661,R,0.005464391,S,96.0186445,T,0.587968503,V,0.002732196,W,0.003825074,Y,0.563378742
24,D,A,0.054643913,C,0.001639317,D,95.64378726,E,0.638787342,F,0.000546439,G,0.452998038,H,0.089616017,I,0.035518543,K,0.010928783,L,0.013114539,M,1.532215319,N,0.541521177,P,0.0125681,Q,0.00601083,R,0.010382343,S,0.007103709,T,0.0125681,V,0.506002634,W,0.008743026,Y,0.301634399
25,D,A,0.122402365,C,0.003825074,D,94.51375114,E,0.949164768,F,0.022950443,G,0.37649656,H,0.128413195,I,1.548608493,K,0.002732196,L,0.012021661,M,0.000546439,N,0.58359699,P,0.001639317,Q,0.016939613,R,0.107648508,S,0.051911717,T,0.018032491,V,1.086867428,W,0.021857565,Y,0.35791763
26,R,A,0.034425665,C,0.763921903,D,0.008196587,E,0.039343617,F,0.001639317,G,0.067212013,H,1.283585515,I,0.01857893,K,0.003825074,L,0.300541521,M,0.003825074,N,0.008196587,P,0.220214969,Q,0.010382343,R,94.91429102,S,0.568296695,T,0.108194948,V,1.561723032,W,0.003278635,Y,0.056829669
27,T,A,0.273766004,C,0.00601083,D,0.022950443,E,0.106009191,F,0.004917952,G,0.000546439,H,0.004371513,I,0.838237625,K,0.004917952,L,1.622924214,M,0.014207417,N,0.518024295,P,0.067758452,Q,0.0125681,R,0.003825074,S,0.571575329,T,95.76345743,V,0.018032491,W,0,Y,0.063933378
28,E,A,0.091255335,C,0.008196587,D,0.686327547,E,95.02685748,F,0.000546439,G,0.52075649,H,0.001092878,I,0.016939613,K,2.245864822,L,0.007103709,M,0.013114539,N,0.011475222,P,0.008196587,Q,0.099998361,R,0.008196587,S,0.0502724,T,0.004371513,V,0.741517899,W,0.001092878,Y,0.010382343
29,V,A,0.340978017,C,0.020764687,D,0.027868396,E,0.366660656,F,0.004371513,G,0.042075813,H,0.004371513,I,0.930585837,K,0.004917952,L,0.479773556,M,0.010382343,N,0.008196587,P,0.106009191,Q,0.013114539,R,0.001639317,S,0.058468987,T,0.055190352,V,95.77602553,W,0.004917952,Y,1.711447353
30,P,A,0.102184117,C,0.011475222,D,0,E,0.001092878,F,0.015300296,G,0.007103709,H,0.710917307,I,0.008196587,K,0,L,2.266629509,M,0,N,0.002185757,P,95.44706917,Q,0.10655563,R,0.078687235,S,0.86009519,T,0.311470304,V,0.004371513,W,0.004371513,Y,0.029507713
31,Q,A,0.000546439,C,0.007103709,D,0,E,0.059015426,F,0.00655727,G,0.008196587,H,0.428954717,I,0.009289465,K,0.371578608,L,0.771025612,M,0.005464391,N,0.010928783,P,0.124041682,Q,95.22576133,R,0.515838538,S,1.811445714,T,0.002185757,V,0.060654743,W,0.003825074,Y,0.028414835
32,L,A,0.007103709,C,0.015300296,D,0.001092878,E,0.003278635,F,0.607640312,G,0.008743026,H,0.010928783,I,0.481412873,K,0.010928783,L,95.6317656,M,0.00601083,N,0.013114539,P,0.010382343,Q,0.023496883,R,0.021857565,S,0.438790621,T,0.001092878,V,0.327863478,W,0.007103709,Y,0.023496883
33,V,A,0.421851008,C,0.024043322,D,0.004917952,E,0.554635716,F,0.002732196,G,0.092348213,H,0.003825074,I,0.018032491,K,0.032786348,L,0.390157538,M,0.756271755,N,0.108194948,P,0.004371513,Q,0.001639317,R,0.0251362,S,0.065572696,T,0.008743026,V,95.6219297,W,0.002732196,Y,0.003278635
34,N,A,0.118030852,C,0.009289465,D,0.468844773,E,0.064479817,F,0.00601083,G,0.00655727,H,0.074862161,I,0.506002634,K,0.444255012,L,0.013660978,M,0.012021661,N,95.01046431,P,0.001092878,Q,0.020764687,R,0.053551035,S,0.549171325,T,1.955159205,V,0.004371513,W,0.001092878,Y,0.648076807
35,A,A,95.56564646,C,0.0125681,D,0.287973421,E,0.004371513,F,0.000546439,G,0.045354448,H,0.004917952,I,0.029507713,K,0.000546439,L,1.932208762,M,0,N,0.112566461,P,0.14425993,Q,0.019671809,R,0.063386939,S,0.326770599,T,0.875941924,V,0.499991803,W,0,Y,0.000546439
36,N,A,0.001639317,C,0.00601083,D,0.368846412,E,0.004371513,F,0.008196587,G,0.002732196,H,0.066665574,I,2.652961973,K,0.511467025,L,0.020764687,M,0.001092878,N,95.3552674,P,0.000546439,Q,0.112020022,R,0.002185757,S,0.429501156,T,0.074862161,V,0.027321956,W,0.000546439,Y,0.260651465
37,Q,A,0.002185757,C,0.001639317,D,0.01857893,E,0.053551035,F,0,G,0.002185757,H,0.623487047,I,0.066119135,K,0.377589438,L,0.45190516,M,0,N,2.1464129,P,0.104916313,Q,94.82084993,R,0.493980973,S,0.095626848,T,0.014207417,V,0.00601083,W,0.003278635,Y,0.128413195
38,Y,A,0.007103709,C,0.267208734,D,0.025682639,E,0.009835904,F,0.381960951,G,0.00655727,H,0.281416152,I,0.098905482,K,0,L,0.08141943,M,0,N,0.504909756,P,0.015846735,Q,0.002732196,R,0.004371513,S,0.203275356,T,2.229471648,V,0.002185757,W,0,Y,95.37931072
39,S,A,0.097266165,C,0.008196587,D,0.004371513,E,0.021857565,F,0.003278635,G,0,H,2.24094687,I,0.008743026,K,0.003278635,L,0.644251734,M,0,N,0.007103709,P,0.607640312,Q,0.010928783,R,0.018032491,S,95.05527232,T,0.720206773,V,0,W,0.004371513,Y,0.015300296
40,P,A,0.118030852,C,0.106009191,D,0.008196587,E,0.000546439,F,0.001092878,G,0.026229078,H,0.772664929,I,0.001092878,K,0,L,0.712010186,M,0.000546439,N,0.001092878,P,97.10879057,Q,0.016939613,R,0.081965869,S,0.67758452,T,0.300541521,V,0.032786348,W,0,Y,0.003825074
41,C,A,0.012021661,C,93.76130446,D,0.0125681,E,0.013114539,F,0.219122091,G,0.186882182,H,0.002732196,I,0.003278635,K,0,L,0.13169183,M,0.027868396,N,0.001639317,P,0.009289465,Q,0.000546439,R,0.461741064,S,0.91637842,T,0.009289465,V,2.539302634,W,0.143713491,Y,0.844248455
42,V,A,0.303820156,C,0.087430261,D,0.002732196,E,0.393436173,F,0.012021661,G,0.078140796,H,0.013660978,I,0.920749933,K,0.002732196,L,0.484691508,M,0.002732196,N,0.0125681,P,0.009289465,Q,0.008196587,R,0.0125681,S,0.102184117,T,0.007650148,V,95.0186609,W,0,Y,2.486844478
43,S,A,0.05628323,C,0.059015426,D,0.014753856,E,0,F,0.549717764,G,0.01912537,H,0.086337382,I,0.185789304,K,0.001639317,L,0.033332787,M,0,N,0.002732196,P,2.938203199,Q,0.007650148,R,0.003825074,S,95.0383327,T,0.546985569,V,0.012021661,W,0.021311126,Y,0.392343295
44,I,A,0.002185757,C,0.09398753,D,0.001639317,E,0,F,0.45190516,G,0.014753856,H,0.079233674,I,94.94215942,K,0.007103709,L,2.651869095,M,0.155735152,N,0.497259608,P,0.009289465,Q,0.004371513,R,0.008743026,S,0.202182478,T,0.341524456,V,0.49616673,W,0.004371513,Y,0.001639317
45,V,A,0.47704136,C,0.090162456,D,0.467205456,E,0,F,0.177592717,G,0.074315722,H,0.008743026,I,0.811462107,K,0.004371513,L,0.215843456,M,0.001639317,N,0.004371513,P,0.20710043,Q,0.001092878,R,0.001639317,S,2.660612121,T,0.014207417,V,94.7295946,W,0,Y,0.010928783
46,P,A,0.11912373,C,0,D,0,E,0,F,0.000546439,G,0.001092878,H,2.814161516,I,0.102730556,K,0.001092878,L,0.555728595,M,0,N,0.009835904,P,94.55582695,Q,0.353546117,R,0.049179522,S,0.74698229,T,0.616383338,V,0.002732196,W,0.002185757,Y,0.033332787
47,S,A,0.043168691,C,0.082512309,D,0.000546439,E,0.000546439,F,0.556275034,G,0,H,0.099451922,I,0.091801774,K,0.007103709,L,0.032239909,M,0.004917952,N,0.005464391,P,3.338196642,Q,0.016393174,R,0.001639317,S,94.70937635,T,0.598897286,V,0.022404004,W,0,Y,0.352453238
48,T,A,0.362289143,C,0.112566461,D,0.003825074,E,0.002185757,F,0.003278635,G,0.024043322,H,0.085244504,I,0.668295055,K,0,L,2.905416851,M,0.016393174,N,0.326770599,P,0.082512309,Q,0.005464391,R,0.014753856,S,0.714195942,T,94.49353289,V,0.1131129,W,0.024589761,Y,0.00655727
49,V,A,0.412015104,C,2.963885838,D,0.003278635,E,0.512559903,F,0.001639317,G,0.130052513,H,0.002732196,I,0.010382343,K,0.016393174,L,0.410375786,M,0.837691185,N,0.003825074,P,0.004371513,Q,0.009289465,R,0.023496883,S,0.033879226,T,0.004917952,V,94.43888898,W,0.110927143,Y,0.021311126
50,W,A,0.003825074,C,0.681956034,D,0.007650148,E,0.128413195,F,0.007103709,G,3.173172025,H,0.000546439,I,0.001639317,K,0.014207417,L,0.380321634,M,0.004917952,N,0.001092878,P,0,Q,0.020218248,R,0.889056464,S,0.070490648,T,0.027868396,V,0.103276995,W,93.37114692,Y,0.004371513
51,E,A,0.026229078,C,0.000546439,D,0.784140151,E,93.83944525,F,0.000546439,G,0.637694464,H,0,I,0.008743026,K,3.666606558,L,0.01857893,M,0.022950443,N,0.01912537,P,0.004371513,Q,0.049725961,R,0.166117495,S,0.003278635,T,0.016393174,V,0.377042999,W,0.000546439,Y,0.007103709
52,D,A,0.083605187,C,0,D,94.36839833,E,0.372671486,F,0.000546439,G,0.382507391,H,0.066665574,I,0.00601083,K,0.014207417,L,0.003278635,M,0.024043322,N,0.506549073,P,0.001092878,Q,0.002185757,R,0.246990486,S,0.03169347,T,3.178089977,V,0.344803091,W,0.002185757,Y,0.322399086
53,G,A,0.126227439,C,0.548624886,D,0.843702016,E,0.015846735,F,0.000546439,G,93.79846232,H,0.009289465,I,0.01912537,K,0,L,0.008196587,M,0.039890056,N,0.007103709,P,0.017486052,Q,0.001639317,R,0.203275356,S,0.776490003,T,0.002732196,V,3.374808063,W,0.000546439,Y,0.013114539
54,D,A,0.042622252,C,0.002185757,D,93.91376098,E,0.446440769,F,0.022950443,G,0.380868073,H,0.084151626,I,3.278634776,K,0.001639317,L,0.171581887,M,0.001639317,N,0.545346251,P,0.000546439,Q,0.004371513,R,0.000546439,S,0.00655727,T,0.039890056,V,0.489063021,W,0.001092878,Y,0.428954717
55,Y,A,0.003278635,C,0.262290782,D,0.061747622,E,0.032786348,F,0.527860199,G,0.002732196,H,0.227865117,I,3.389015481,K,0.014207417,L,0.248629804,M,0.001639317,N,0.318574012,P,0.000546439,Q,0.004917952,R,0.007650148,S,0.036611422,T,0.015300296,V,0.014207417,W,0.004917952,Y,94.18206259
56,Y,A,0,C,0.299995082,D,0.069397769,E,0.001092878,F,0.526767321,G,0.029507713,H,0.283055469,I,3.462784763,K,0.018032491,L,0.126227439,M,0.014207417,N,0.364474899,P,0.007103709,Q,0.030054152,R,0.117484413,S,0.0502724,T,0.010928783,V,0.007650148,W,0.000546439,Y,93.82578428
57,R,A,0.010382343,C,0.001639317,D,0.001639317,E,0.197810965,F,0,G,3.831084736,H,0,I,0.00601083,K,0.65900559,L,0.028961274,M,0.626219242,N,0.015300296,P,0,Q,0.008743026,R,93.52742851,S,0.363382021,T,0.088523139,V,0.013114539,W,0.455183795,Y,0.004371513
58,K,A,0.00601083,C,0.001092878,D,0.014753856,E,0.460101747,F,0,G,0.012021661,H,0.003825074,I,0.509827708,K,93.40010819,L,0.020218248,M,0,N,4.047474632,P,0.007650148,Q,0.178139156,R,0.452451599,S,0.023496883,T,0.306005912,V,0.003278635,W,0,Y,0.024043322
59,Q,A,0.001092878,C,0,D,0.015300296,E,0.073222843,F,0,G,0.001639317,H,0.526220882,I,0.016939613,K,0.120763048,L,0.693977694,M,0.021857565,N,3.552947219,P,0.095626848,Q,93.54928608,R,0.338245821,S,0.026229078,T,0.304366595,V,0.000546439,W,0.014753856,Y,0.036611422
60,L,A,0.00655727,C,0.00655727,D,0.002185757,E,0,F,0.009835904,G,0.027868396,H,0.026229078,I,0.512559903,K,0.000546439,L,94.44927132,M,0,N,0.014207417,P,0.349721043,Q,0.532778151,R,0.057922548,S,0.123495243,T,0.107102069,V,0.120216608,W,0,Y,3.597755228
61,S,A,0.051365278,C,0.045354448,D,0,E,0,F,0.500538243,G,0.00655727,H,0.036611422,I,0.122948804,K,0.000546439,L,3.615787719,M,0,N,0.001639317,P,0.444255012,Q,0.005464391,R,0.004371513,S,94.39572029,T,0.375950121,V,0.015846735,W,0,Y,0.321852647
62,P,A,0.047540204,C,0.001639317,D,0.003278635,E,0.009835904,F,0,G,0.020764687,H,3.636005967,I,0.00601083,K,0.002185757,L,0.620754851,M,0.004371513,N,0.016393174,P,93.74217909,Q,0.538242542,R,0.080872991,S,0.64042666,T,0.568296695,V,0.001639317,W,0,Y,0.013114539
63,L,A,0,C,0.010928783,D,0.008196587,E,0.1131129,F,0.613651142,G,0.008743026,H,0.530592395,I,0.310377426,K,0.015300296,L,97.21589264,M,0.015846735,N,0.001092878,P,0.484145069,Q,0.00601083,R,0.146992126,S,0.033332787,T,0.112566461,V,0.108194948,W,0.003278635,Y,0.002732196
64,E,A,0.050818839,C,0.001092878,D,0.626765681,E,93.23071206,F,0,G,0.563925182,H,0,I,0.003825074,K,4.134904892,L,0.008743026,M,0.023496883,N,0.030054152,P,0.003825074,Q,0.066665574,R,0.219122091,S,0.001639317,T,0.026229078,V,0.47704136,W,0.001639317,Y,0.002185757
65,G,A,0.114752217,C,0.586875625,D,0.713103064,E,0.029507713,F,0.001639317,G,93.37606487,H,0.001092878,I,0.005464391,K,0.004917952,L,0.012021661,M,0.029507713,N,0.002732196,P,0.001092878,Q,0.001092878,R,0.191800134,S,0.570482451,T,0.000546439,V,4.101025666,W,0.201636039,Y,0.002732196
66,G,A,0.137156221,C,0.484145069,D,0.902171003,E,0.026229078,F,0.002185757,G,93.00066119,H,0.004371513,I,0.003278635,K,0.000546439,L,0.016939613,M,0.044808009,N,0.005464391,P,0.001092878,Q,0.020764687,R,0.146445687,S,0.650262564,T,0.01912537,V,4.150205188,W,0.329502795,Y,0.008743026
67,G,A,4.172062753,C,0.358464069,D,0.946432572,E,0.004917952,F,0.002732196,G,92.97388567,H,0.000546439,I,0.002185757,K,0.005464391,L,0.237701021,M,0.002185757,N,0.000546439,P,0.010928783,Q,0,R,0.077594356,S,0.573761086,T,0.036611422,V,0.293984252,W,0.232783069,Y,0.022404004
68,W,A,0.247536926,C,0.399993443,D,0.027321956,E,0,F,0.002732196,G,4.263318088,H,0.000546439,I,0.002732196,K,0.007103709,L,0.572668208,M,0.003278635,N,0.004917952,P,0.004917952,Q,0.007650148,R,0.989601263,S,0.105462752,T,0.001092878,V,0.013660978,W,92.10996541,Y,0.001092878
69,L,A,0.123495243,C,0.241526095,D,0,E,0,F,0.786872346,G,0.002732196,H,0.554089277,I,0.312563182,K,0.001092878,L,97.10879057,M,0.034972104,N,0.004371513,P,0.339338699,Q,0.001639317,R,0.165571056,S,0.015300296,T,0.022950443,V,0.2010896,W,0.007650148,Y,0.013660978
70,V,A,0.525128003,C,0.350813921,D,0.528953077,E,0.001639317,F,0.16939613,G,0.115845095,H,0,I,0.607093873,K,0.001092878,L,4.40648514,M,0.014207417,N,0.007103709,P,0.000546439,Q,0.005464391,R,0.000546439,S,0.027868396,T,0.019671809,V,93.13672453,W,0.007650148,Y,0.004917952
71,A,A,93.03508686,C,0.115298656,D,0.28851986,E,0.014753856,F,0.004371513,G,0.089616017,H,0.001092878,I,0.010928783,K,0.001092878,L,4.313044048,M,0.004917952,N,0.004371513,P,0.096173287,Q,0.022950443,R,0.003825074,S,0.27595176,T,0.702174281,V,0.726217603,W,0.001639317,Y,0.003278635
72,S,A,0.036064983,C,0.526767321,D,0.001092878,E,0.016939613,F,0,G,0.50217756,H,0.002732196,I,0.314202499,K,0.002185757,L,0.01857893,M,0.03169347,N,0.648076807,P,0.000546439,Q,0.014753856,R,0.580864795,S,92.39903171,T,0.122948804,V,4.360037814,W,0.246990486,Y,0.004371513
73,G,A,4.496101157,C,0.412561543,D,0.834412551,E,0.004371513,F,0.009835904,G,92.63400054,H,0.001092878,I,0.001639317,K,0,L,0.267755173,M,0,N,0.004371513,P,0.003825074,Q,0.01857893,R,0.091255335,S,0.741517899,T,0.041529374,V,0.255187073,W,0.118030852,Y,0.004917952
74,S,A,0.061201182,C,0.000546439,D,0.001092878,E,0.001092878,F,0.007650148,G,0.008196587,H,0.026229078,I,0.003825074,K,0.008743026,L,0.738239264,M,0,N,0.25081556,P,0.400539882,Q,4.4059387,R,0.019671809,S,93.06404813,T,0.58359699,V,0.032239909,W,0.003825074,Y,0.005464391
75,T,A,0.424036764,C,0.274312443,D,0.004917952,E,0,F,0.002185757,G,0.001639317,H,0.001092878,I,0.631683634,K,0.001639317,L,4.473150713,M,0.042075813,N,0.418025934,P,0.10655563,Q,0.026775517,R,0.010382343,S,0.549171325,T,92.83017218,V,0.139888417,W,0.001092878,Y,0.003825074
76,V,A,0.475402043,C,0.375403682,D,0.507641951,E,0,F,0.234422387,G,0.1382491,H,0.001092878,I,0.632776512,K,0,L,4.576427709,M,0.0251362,N,0.002732196,P,0.040436496,Q,0.000546439,R,0.00655727,S,0.020764687,T,0.016393174,V,92.84875111,W,0.001639317,Y,0.00601083
77,A,A,92.43673601,C,0.123495243,D,0.314202499,E,0.000546439,F,0.014753856,G,0.118577291,H,0.26338366,I,0.004371513,K,0.020218248,L,0.032786348,M,0.125681,N,0.002185757,P,4.611946252,Q,0.022950443,R,0.004371513,S,0.254640634,T,0.779222199,V,0.801079764,W,0,Y,0.001092878
78,M,A,0.004371513,C,0.0251362,D,0.260105026,E,0.010928783,F,0.003825074,G,0.016939613,H,0.121855926,I,0.898345929,K,0.480866434,L,0.609826068,M,91.89084332,N,0.004917952,P,0.001639317,Q,0.007650148,R,0.120216608,S,0.00601083,T,0.524035125,V,0.380321634,W,0.022950443,Y,0.004917952
79,T,A,0.27595176,C,0.009289465,D,0.133331148,E,0.148085004,F,0.002185757,G,0.001092878,H,0,I,0.630044316,K,0.002185757,L,4.582438539,M,0.025682639,N,0.249176243,P,0.083058748,Q,0.027868396,R,0.011475222,S,0.605454555,T,92.86569073,V,0.0125681,W,0.002185757,Y,0.00601083
80,E,A,0.368299973,C,0.013114539,D,0.400539882,E,92.14275176,F,0.020764687,G,0.468844773,H,0.000546439,I,0.012021661,K,0.551903521,L,0.013114539,M,0.002185757,N,0.046993765,P,0.004371513,Q,0.192893013,R,0.022950443,S,4.575334831,T,0.021857565,V,0.50217756,W,0.001639317,Y,0.001639317
81,Q,A,0.1508172,C,0.000546439,D,0.012021661,E,0.134424026,F,0.002185757,G,0.001092878,H,0.516931416,I,0.291798495,K,0.208739747,L,0.712556625,M,0,N,4.585717174,P,0.084698065,Q,92.05969301,R,0.357371191,S,0.01912537,T,0.009289465,V,0.0251362,W,0,Y,0.045900887
82,L,A,0.004371513,C,0.013660978,D,0.009289465,E,0.001092878,F,0.666109299,G,0,H,0.011475222,I,0.531138834,K,0,L,92.51433037,M,0.013660978,N,0.044808009,P,0.003825074,Q,0.151910078,R,0.021857565,S,0.312563182,T,0.277591078,V,0.093441091,W,0.007103709,Y,4.831068343
83,Q,A,0,C,0.000546439,D,0.296170008,E,0.176499839,F,0,G,0.032786348,H,0.63386939,I,0.027868396,K,0.251362,L,0.683595351,M,0.130052513,N,0.002732196,P,0.163931739,Q,91.29904974,R,5.281880625,S,0.019671809,T,0.139341978,V,0.005464391,W,0.021311126,Y,0.0251362
84,M,A,0.020764687,C,0.015846735,D,0.132784708,E,0.003278635,F,0.009835904,G,0.434419108,H,0.004371513,I,0.825669525,K,0.502723999,L,0.568296695,M,91.67281411,N,0.010382343,P,0.000546439,Q,0.005464391,R,0.130598952,S,0.003825074,T,0.406004273,V,0.341524456,W,4.81412873,Y,0.001092878
85,G,A,5.058387021,C,0.398900564,D,0.674852325,E,0.003278635,F,0.13169183,G,92.46788304,H,0.001639317,I,0.001092878,K,0.022404004,L,0.309830986,M,0.004917952,N,0.003278635,P,0.003278635,Q,0.001639317,R,0.058468987,S,0.563925182,T,0.051365278,V,0.181417791,W,0.003278635,Y,0.000546439
86,F,A,0.003278635,C,0.170489008,D,0.013114539,E,0.001639317,F,91.52363622,G,0.136063343,H,0.001092878,I,0.38906466,K,0,L,6.126675519,M,0.027868396,N,0.002732196,P,0.005464391,Q,0.000546439,R,0.004917952,S,0.574853964,T,0.003825074,V,0.149724321,W,0.290705617,Y,0.492341656
87,G,A,0.170489008,C,0.297809326,D,0.830587477,E,0.01857893,F,0.003278635,G,91.52910062,H,0.000546439,I,0.174860521,K,0.001639317,L,0.044808009,M,0,N,0.008196587,P,0.002732196,Q,0,R,0.109834265,S,0.589607821,T,0.023496883,V,5.688977776,W,0.131145391,Y,0.308738108
88,I,A,0.001639317,C,0.004371513,D,0.000546439,E,0,F,0.302727278,G,0.003825074,H,0.001639317,I,92.06351808,K,0.001092878,L,5.45455539,M,0.0377043,N,0.630590755,P,0.005464391,Q,0.018032491,R,0.000546439,S,0.140434856,T,0.526220882,V,0.284694786,W,0,Y,0.444255012
89,T,A,0.342070895,C,0.004371513,D,0.004371513,E,0.009289465,F,0.01912537,G,0.001639317,H,0.020764687,I,0.72840336,K,0.277044639,L,0.038797178,M,0.003278635,N,0.005464391,P,0.090162456,Q,5.58023639,R,0.216936334,S,0.839876942,T,91.43565952,V,0.140981295,W,0,Y,0.139341978
90,V,A,0.34534953,C,0.004917952,D,0.47103053,E,0.003825074,F,5.972033245,G,0.103823435,H,0.000546439,I,0.724031846,K,0.000546439,L,0.212018382,M,0,N,0.01912537,P,0.001639317,Q,0.138795539,R,0.001639317,S,0.466112577,T,0.007650148,V,91.41871991,W,0,Y,0.032239909
91,Q,A,0.003278635,C,0.014207417,D,0.027321956,E,0.0754086,F,0.003825074,G,0.029507713,H,0.64042666,I,0.366660656,K,0.416933056,L,0.500538243,M,0.01857893,N,5.612476298,P,0.064479817,Q,90.78157189,R,0.515292099,S,0.174860521,T,0.007650148,V,0.005464391,W,0.001092878,Y,0.156281591
92,Y,A,0.000546439,C,0.292891373,D,0.103823435,E,0.003278635,F,0.356824752,G,0.136063343,H,0.186882182,I,0.207646869,K,0.033879226,L,0.036064983,M,5.670945285,N,0.354638995,P,0.017486052,Q,0.007650148,R,0.008743026,S,0.108194948,T,0.032786348,V,0.028961274,W,0.327317039,Y,91.32582526
93,G,A,0.177592717,C,0.519663612,D,0.86009519,E,0.021311126,F,0.002185757,G,90.88430244,H,0.001092878,I,0.067212013,K,0.014207417,L,0.016939613,M,0.001639317,N,0.002185757,P,0.000546439,Q,0.01912537,R,0.080872991,S,0.553542838,T,0.136063343,V,6.099353563,W,0.142620613,Y,0.33278143
94,T,A,0.35791763,C,0,D,0.137156221,E,0.005464391,F,0,G,0.003825074,H,0.027321956,I,0.965557942,K,0.26338366,L,0.061747622,M,0.001092878,N,0.009835904,P,0.098359043,Q,5.800451359,R,0.543706934,S,0.516384977,T,90.91053152,V,0.024589761,W,0.001639317,Y,0.143167052
95,D,A,0.098359043,C,0.001639317,D,90.99850822,E,0.403272078,F,0.000546439,G,0.299448643,H,0.404911395,I,0.034972104,K,0.00655727,L,0.001092878,M,0,N,0.550810642,P,0.025682639,Q,0.005464391,R,0.154642274,S,0.01912537,T,6.034327306,V,0.415840177,W,0,Y,0.478680677
96,T,A,0.380868073,C,0.003278635,D,0.003278635,E,0.001092878,F,0.01857893,G,0,H,0.142074174,I,0.736599946,K,0.002732196,L,0.044808009,M,0.000546439,N,0.355185434,P,5.979683393,Q,0.367207095,R,0.010382343,S,0.667748616,T,91.18375109,V,0.010382343,W,0,Y,0.021857565
97,N,A,0.015300296,C,0.002185757,D,0.432233351,E,0.002732196,F,0.00601083,G,0.002732196,H,0.071583526,I,6.59060234,K,0.595618651,L,0.040982935,M,0.0125681,N,90.29688038,P,0.002185757,Q,0.142620613,R,0.005464391,S,0.556275034,T,0.092894652,V,0.054097474,W,0,Y,0.664469981
98,S,A,0.015846735,C,0.924028568,D,0.001639317,E,0.030054152,F,0.022950443,G,0.303820156,H,0,I,0.358464069,K,0.004917952,L,0.049725961,M,0.036611422,N,0.650262564,P,0.001092878,Q,0.003825074,R,0.592340016,S,90.4214685,T,0.109834265,V,6.255088714,W,0,Y,0.003825074
99,V,A,0.367207095,C,0.284694786,D,0.542614056,E,0.002732196,F,6.294978771,G,0.089069578,H,0.000546439,I,0.579225477,K,0,L,0.510374147,M,0.003278635,N,0.002732196,P,0.0125681,Q,0,R,0.000546439,S,0.029507713,T,0.00601083,V,91.13730376,W,0.001092878,Y,0.061747622
100,C,A,6.252356519,C,90.12311274,D,0.016939613,E,0.001639317,F,0.159013787,G,0.099451922,H,0.00655727,I,0.000546439,K,0.008196587,L,0.147538565,M,0.001092878,N,0.003278635,P,0.52075649,Q,0.003278635,R,0.567203816,S,0.885777829,T,0.059015426,V,0.040436496,W,0.092894652,Y,0.748075168
101,P,A,0.059561865,C,0.007103709,D,0,E,0.001092878,F,0.003825074,G,0.001092878,H,0.53988186,I,0.004917952,K,0.151363639,L,0.787418785,M,0.001639317,N,0.001639317,P,96.62136686,Q,0.407643591,R,0.094533969,S,0.708731551,T,0.511467025,V,0.020764687,W,0,Y,0.003825074
102,K,A,0.393982612,C,0.043168691,D,0.002185757,E,0.563925182,F,0.002185757,G,0.033332787,H,0.003825074,I,0.037157861,K,89.18760895,L,0.169942569,M,0.550264203,N,0.44589433,P,0.00601083,Q,0.289066299,R,0.508734829,S,6.927755283,T,0.176499839,V,0.007103709,W,0,Y,0.001092878
103,L,A,0.168303252,C,0.001092878,D,0.002185757,E,0.137702661,F,0.694524133,G,0.004371513,H,0.513106343,I,0.28250903,K,0.00655727,L,96.90770097,M,0.034425665,N,0.022950443,P,0.489063021,Q,0.003825074,R,0.076501478,S,0.040436496,T,0.001092878,V,0.091255335,W,0.004917952,Y,0.003825074
104,E,A,0.065572696,C,0.004917952,D,0.675398764,E,89.25318164,F,0.136609782,G,0.509281269,H,0.004371513,I,0.442615695,K,0.532231712,L,0.03169347,M,0.000546439,N,7.055622039,P,0.000546439,Q,0.05628323,R,0.001639317,S,0.039343617,T,0.010382343,V,0.548078447,W,0,Y,0.032239909
105,F,A,0.139888417,C,0.559553669,D,0.003825074,E,0.003278635,F,89.10127156,G,0.001639317,H,0.001092878,I,0.535510347,K,0.001092878,L,8.199319137,M,0.040982935,N,0.014207417,P,0.001639317,Q,0.014207417,R,0.001092878,S,0.548078447,T,0,V,0.0754086,W,0.004371513,Y,0.598897286
106,A,A,89.68486855,C,0.159013787,D,0.306552352,E,0.005464391,F,0.003825074,G,0.114205778,H,0,I,0.021857565,K,0.000546439,L,7.329934482,M,0.022950443,N,0.1382491,P,0.102730556,Q,0.034425665,R,0.009289465,S,0.152456517,T,0.675398764,V,0.728949799,W,0,Y,0.004371513
107,N,A,0.004917952,C,0.00601083,D,0.57758616,E,0.008196587,F,0.004371513,G,0.016939613,H,0.084151626,I,0.492341656,K,0.663923542,L,0.040982935,M,7.392228543,N,89.07504249,P,0.000546439,Q,0,R,0.004917952,S,0.391250417,T,0.157374469,V,0.030600591,W,0.000546439,Y,0.354638995
108,D,A,0.1633853,C,0.001639317,D,89.00236608,E,0.410375786,F,0.002185757,G,0.380321634,H,0.488516582,I,0.053004596,K,0.027868396,L,0.003825074,M,0.002185757,N,0.572668208,P,0.003825074,Q,0.024589761,R,0.024043322,S,0.039890056,T,7.611350634,V,0.516384977,W,0,Y,0.424583204
109,T,A,0.426222521,C,0.016939613,D,0.003278635,E,0.014207417,F,0.000546439,G,0.000546439,H,0.220214969,I,0.759003951,K,0.887417146,L,0.053004596,M,0.001639317,N,0.0125681,P,0.145899248,Q,7.422829134,R,0.197810965,S,0.591793577,T,89.10400376,V,0.000546439,W,0,Y,0.002185757
110,K,A,0.008196587,C,0.002185757,D,0.007103709,E,0.534963908,F,0.000546439,G,0.000546439,H,0.000546439,I,0.902717442,K,95.41701502,L,0.032786348,M,0.002732196,N,1.366644263,P,0,Q,0.153002956,R,0.424583204,S,0.003825074,T,0.255733513,V,0.014207417,W,0.001092878,Y,0.004371513
111,I,A,0.144806369,C,0.487423703,D,0.002185757,E,0.014207417,F,0.382507391,G,0.001092878,H,0.001092878,I,88.75920067,K,0.008743026,L,8.226094654,M,0.150270761,N,0.684688229,P,0.026229078,Q,0,R,0.004917952,S,0.195625208,T,0.520210051,V,0.251908439,W,0.004917952,Y,0.010382343
112,A,A,88.73078583,C,0.2010896,D,0.209286187,E,0,F,0.007103709,G,0.127320317,H,0.060654743,I,0.010382343,K,0.000546439,L,0.567203816,M,0,N,0.002732196,P,8.048501937,Q,0.008196587,R,0.004371513,S,0.432233351,T,0.65299476,V,0.836051868,W,0.001092878,Y,0.017486052
113,S,A,0.077047917,C,0.092348213,D,0,E,0,F,0.604361677,G,0.001092878,H,0.038250739,I,0.033332787,K,0.001639317,L,8.299863937,M,0,N,0.024043322,P,0.498898925,Q,0.139888417,R,0.00601083,S,89.12804708,T,0.531685273,V,0.009289465,W,0,Y,0.413654421
114,Q,A,0.001639317,C,0.001092878,D,0.042622252,E,0.074315722,F,0.001092878,G,0.008196587,H,0.643705294,I,0.529499516,K,0.385239586,L,0.691245499,M,0,N,8.057791402,P,0.112566461,Q,87.94282061,R,0.580864795,S,0.237154582,T,0.01857893,V,0.001092878,W,0,Y,0.037157861
115,L,A,0.026229078,C,0.000546439,D,0.002185757,E,0.00655727,F,0.576493282,G,0.143167052,H,0.000546439,I,0.651355442,K,0.03169347,L,88.48762042,M,0.005464391,N,0.014207417,P,0.001639317,Q,0.035518543,R,0.516931416,S,0.371578608,T,0.005464391,V,0.099998361,W,0.022950443,Y,0.074315722
116,G,A,8.564340475,C,0.557914351,D,0.705999355,E,0.017486052,F,0.001092878,G,88.26685901,H,0.002185757,I,0.026775517,K,0.004371513,L,0.010928783,M,0.001092878,N,0.145352808,P,0,Q,0.512559903,R,0.279776834,S,0.512013464,T,0.044261569,V,0.242072534,W,0.000546439,Y,0.003825074
117,N,A,0.033879226,C,0.141527735,D,0.60873319,E,0.002732196,F,0.037157861,G,0.004917952,H,0.094533969,I,8.933733327,K,0.53988186,L,0.53332459,M,0.016939613,N,87.61331781,P,0,Q,0.20710043,R,0.009835904,S,0.44534789,T,0.108741387,V,0.0502724,W,0,Y,0.512013464
118,C,A,8.665431714,C,88.00730043,D,0.001092878,E,0.032786348,F,0.139341978,G,0.078687235,H,0.005464391,I,0.005464391,K,0,L,0.210379065,M,0.003278635,N,0.003278635,P,0.001092878,Q,0,R,0.883592072,S,0.521302929,T,0.048633083,V,0.21966853,W,0.164478178,Y,0.60272236
119,V,A,0.380868073,C,0.05628323,D,0.002185757,E,0.642612416,F,0.003278635,G,0.657912712,H,0.000546439,I,0.010928783,K,0.003825074,L,0.364474899,M,0.915285542,N,0.0251362,P,0,Q,0.004917952,R,0.26994093,S,0.004917952,T,0.002185757,V,87.82424332,W,8.595487506,Y,0.008196587
120,E,A,0.034972104,C,0.001639317,D,0.570482451,E,87.38927777,F,0.001639317,G,0.790150981,H,0.003278635,I,0.597804408,K,0.554635716,L,0.003278635,M,0.002185757,N,8.766522953,P,0,Q,0.078140796,R,0.003825074,S,0.044808009,T,0.007103709,V,0.429501156,W,0.00601083,Y,0.185789304
121,Y,A,0.024589761,C,0.281962591,D,0.016939613,E,0.004917952,F,0.204368234,G,0.000546439,H,0.245351169,I,9.152855418,K,0.047540204,L,0.025682639,M,0.002185757,N,0.315841817,P,0.002732196,Q,0.001639317,R,0.00655727,S,0.179232034,T,0.010382343,V,0.0251362,W,0,Y,88.32696732
