,Reference Amino Acid,A,C,D,E,F,G,H,I,K,L,M,N,P,Q,R,S,T,V,W,Y
1,H,0,0,0,0,0,0,99.99617493,0,0,0,0,0,0,0,0,0,0,0,0,0
2,N,0,0,0,0,0,0,0,0.523488686,0.2639301,0,0.007650148,98.50986049,0,0,0.007650148,0.304913034,0.368846412,0,0,0
3,L,0,0.004917952,0.001092878,0.021857565,0.544799812,0.013660978,0.508734829,0.489063021,0.007103709,97.53555953,0.001092878,0.007103709,0.543706934,0.004917952,0.223493604,0.004371513,0.008743026,0.040436496,0,0.01912537
4,T,0.224586482,0.010382343,0.000546439,0.000546439,0.009289465,0.003825074,0.000546439,0.69670989,0.005464391,0.549171325,0.001092878,0.48359863,0.042622252,0.007650148,0.002185757,0.412561543,97.4918444,0.026229078,0,0.014753856
5,T,0.236608143,0.005464391,0.002185757,0.001639317,0.005464391,0.009289465,0.005464391,0.744250094,0.000546439,0.589607821,0,0.402725638,0.090708895,0.003278635,0.002185757,0.493980973,97.36670984,0.005464391,0,0.024043322
6,I,0.004371513,0.008196587,0.002185757,0,0.526220882,0,0.000546439,97.14103047,0.017486052,0.654087638,0.035518543,0.548624886,0.004371513,0.021857565,0,0.152456517,0.568843134,0.279230395,0,0.01857893
7,T,0.252454878,0.000546439,0.0125681,0,0.003278635,0.001092878,0.004917952,0.644251734,0.101091239,0.695070573,0.000546439,0.328956356,0.090708895,0.002732196,0.009289465,0.506549073,97.29403343,0.008743026,0,0.016393174
8,K,0.021857565,0.001092878,0.001639317,0.320759769,0,0.021311126,0.001639317,0.008196587,96.80824905,0.024043322,0.515838538,0.434419108,0.102184117,0.030600591,0.369392851,0.969383016,0.155188713,0.03114703,0.001639317,0
9,P,0.066665574,0.01857893,0,0.008196587,0.00655727,0.001639317,0.544253373,0.0125681,0.008743026,1.617459823,0.001639317,0.025682639,96.80169178,0.010382343,0.026229078,0.67813096,0.159013787,0.002185757,0,0.001639317
10,L,0.030600591,0.001092878,0.001092878,0,0.497259608,0.00601083,0.655726955,0.435511986,0.1005448,97.53173445,0,0.001639317,0.486330825,0.008196587,0.120763048,0.050818839,0.003278635,0.011475222,0.011475222,0.018032491
11,K,0,0.004917952,0.004917952,0.287973421,0.000546439,0.022950443,0,0.013660978,96.38749092,0.003825074,0.611465386,0.473762725,0.003278635,0.034972104,0.421851008,1.104353481,0.084698065,0.019671809,0.008196587,0.113659339
12,Y,0.008743026,0.286334104,0.046447326,0.00655727,0.388518221,0.015846735,0.312563182,0.010382343,0.007650148,0.026775517,0.000546439,0.317481134,0.001639317,0.039343617,0.001092878,0.160653104,1.128396802,0.0251362,0,96.88256477
13,S,1.13604695,0.695617012,0.0125681,0,0.001092878,0.519117173,0.003278635,0.342617334,0.001639317,0.045900887,0,0.943700376,0.004371513,0.023496883,0.664469981,95.27056933,0.177046278,0.011475222,0.00655727,0.127866756
14,Y,0.009289465,0.336606504,0.110927143,0,0.730589116,0.001639317,0.401086321,1.258449315,0.00655727,0.059015426,0.002732196,0.453544477,0.001092878,0.004371513,0.003278635,0.086337382,0.0125681,0.007650148,0,96.11317847
15,I,0.001092878,0.00655727,0.015300296,0.008743026,0.391796856,0,0.000546439,96.62519194,0.014207417,1.212001989,0.03114703,0.761736146,0.026229078,0.001639317,0.001092878,0.114752217,0.446987208,0.246444047,0.000546439,0.034425665
16,N,0.010382343,0.030600591,0.348081725,0.003278635,0.002732196,0,0.072129965,0.616383338,0.337699382,0.010382343,0.00601083,96.13503604,0.001639317,0.030600591,0.00655727,0.45846243,1.416370223,0.014753856,0.0125681,0.441522817
17,K,0.008743026,0.111473582,0.000546439,0.591247138,0,0.003825074,0.003825074,0.014207417,95.13122736,0.004917952,0.789058103,0.462833943,0.004371513,0.165024617,0.435511986,1.344240258,0.1382491,0.056829669,0.007103709,0.0125681
18,C,1.32456845,95.67001634,0.005464391,0,0.223493604,0.091255335,0.008196587,0.00601083,0.000546439,0.046993765,0.001639317,0.002732196,0.001639317,0.007103709,0.419665251,0.738239264,0.033332787,0.04371513,0.063386939,0.90982115
19,S,0.053004596,0.034972104,0,0.014753856,0.585782747,0.000546439,0.01857893,0.028961274,0.004371513,1.413091589,0.000546439,0.003825074,0.432233351,0.002185757,0.104916313,96.2951427,0.334420747,0.00601083,0,0.627312121
20,R,0.009289465,0.733867751,0.003278635,0.000546439,0.010382343,0.040436496,0.912006907,0.017486052,0.00655727,0.36392846,0,0.003278635,0.197810965,0.020218248,95.65307673,0.584143429,0.012021661,1.401069928,0.002732196,0.007650148
21,L,0.001092878,0.001092878,0.001092878,0.000546439,1.86445031,0.001092878,0.820205133,0.485237947,0.000546439,95.94050371,0.002732196,0.012021661,0.539335421,0.004917952,0.149177882,0.086883822,0.001639317,0.044261569,0.000546439,0.008743026
22,L,0.015846735,0.01912537,0.008196587,0.00601083,2.053518248,0,0.695070573,0.508734829,0,95.78804719,0.002185757,0.003825074,0.466112577,0.024043322,0.175406961,0.162292421,0.002185757,0.037157861,0,0.008196587
23,S,0.083058748,0.079233674,0.110927143,0.001639317,0.516384977,0.004371513,0.004371513,0.001639317,0.001092878,1.536586832,0.01857893,0.0125681,0.365567778,0.012021661,0.005464391,96.0186445,0.587968503,0.002732196,0.003825074,0.563378742
24,D,0.054643913,0.001639317,95.64378726,0.638787342,0.000546439,0.452998038,0.089616017,0.035518543,0.010928783,0.013114539,1.532215319,0.541521177,0.0125681,0.00601083,0.010382343,0.007103709,0.0125681,0.506002634,0.008743026,0.301634399
25,D,0.122402365,0.003825074,94.51375114,0.949164768,0.022950443,0.37649656,0.128413195,1.548608493,0.002732196,0.012021661,0.000546439,0.58359699,0.001639317,0.016939613,0.107648508,0.051911717,0.018032491,1.086867428,0.021857565,0.35791763
26,R,0.034425665,0.763921903,0.008196587,0.039343617,0.001639317,0.067212013,1.283585515,0.01857893,0.003825074,0.300541521,0.003825074,0.008196587,0.220214969,0.010382343,94.91429102,0.568296695,0.108194948,1.561723032,0.003278635,0.056829669
27,T,0.273766004,0.00601083,0.022950443,0.106009191,0.004917952,0.000546439,0.004371513,0.838237625,0.004917952,1.622924214,0.014207417,0.518024295,0.067758452,0.0125681,0.003825074,0.571575329,95.76345743,0.018032491,0,0.063933378
28,E,0.091255335,0.008196587,0.686327547,95.02685748,0.000546439,0.52075649,0.001092878,0.016939613,2.245864822,0.007103709,0.013114539,0.011475222,0.008196587,0.099998361,0.008196587,0.0502724,0.004371513,0.741517899,0.001092878,0.010382343
29,V,0.340978017,0.020764687,0.027868396,0.366660656,0.004371513,0.042075813,0.004371513,0.930585837,0.004917952,0.479773556,0.010382343,0.008196587,0.106009191,0.013114539,0.001639317,0.058468987,0.055190352,95.77602553,0.004917952,1.711447353
30,P,0.102184117,0.011475222,0,0.001092878,0.015300296,0.007103709,0.710917307,0.008196587,0,2.266629509,0,0.002185757,95.44706917,0.10655563,0.078687235,0.86009519,0.311470304,0.004371513,0.004371513,0.029507713
31,Q,0.000546439,0.007103709,0,0.059015426,0.00655727,0.008196587,0.428954717,0.009289465,0.371578608,0.771025612,0.005464391,0.010928783,0.124041682,95.22576133,0.515838538,1.811445714,0.002185757,0.060654743,0.003825074,0.028414835
32,L,0.007103709,0.015300296,0.001092878,0.003278635,0.607640312,0.008743026,0.010928783,0.481412873,0.010928783,95.6317656,0.00601083,0.013114539,0.010382343,0.023496883,0.021857565,0.438790621,0.001092878,0.327863478,0.007103709,0.023496883
33,V,0.421851008,0.024043322,0.004917952,0.554635716,0.002732196,0.092348213,0.003825074,0.018032491,0.032786348,0.390157538,0.756271755,0.108194948,0.004371513,0.001639317,0.0251362,0.065572696,0.008743026,95.6219297,0.002732196,0.003278635
34,N,0.118030852,0.009289465,0.468844773,0.064479817,0.00601083,0.00655727,0.074862161,0.506002634,0.444255012,0.013660978,0.012021661,95.01046431,0.001092878,0.020764687,0.053551035,0.549171325,1.955159205,0.004371513,0.001092878,0.648076807
35,A,95.56564646,0.0125681,0.287973421,0.004371513,0.000546439,0.045354448,0.004917952,0.029507713,0.000546439,1.932208762,0,0.112566461,0.14425993,0.019671809,0.063386939,0.326770599,0.875941924,0.499991803,0,0.000546439
36,N,0.001639317,0.00601083,0.368846412,0.004371513,0.008196587,0.002732196,0.066665574,2.652961973,0.511467025,0.020764687,0.001092878,95.3552674,0.000546439,0.112020022,0.002185757,0.429501156,0.074862161,0.027321956,0.000546439,0.260651465
37,Q,0.002185757,0.001639317,0.01857893,0.053551035,0,0.002185757,0.623487047,0.066119135,0.377589438,0.45190516,0,2.1464129,0.104916313,94.82084993,0.493980973,0.095626848,0.014207417,0.00601083,0.003278635,0.128413195
38,Y,0.007103709,0.267208734,0.025682639,0.009835904,0.381960951,0.00655727,0.281416152,0.098905482,0,0.08141943,0,0.504909756,0.015846735,0.002732196,0.004371513,0.203275356,2.229471648,0.002185757,0,95.37931072
39,S,0.097266165,0.008196587,0.004371513,0.021857565,0.003278635,0,2.24094687,0.008743026,0.003278635,0.644251734,0,0.007103709,0.607640312,0.010928783,0.018032491,95.05527232,0.720206773,0,0.004371513,0.015300296
40,P,0.118030852,0.106009191,0.008196587,0.000546439,0.001092878,0.026229078,0.772664929,0.001092878,0,0.712010186,0.000546439,0.001092878,97.10879057,0.016939613,0.081965869,0.67758452,0.300541521,0.032786348,0,0.003825074
41,C,0.012021661,93.76130446,0.0125681,0.013114539,0.219122091,0.186882182,0.002732196,0.003278635,0,0.13169183,0.027868396,0.001639317,0.009289465,0.000546439,0.461741064,0.91637842,0.009289465,2.539302634,0.143713491,0.844248455
42,V,0.303820156,0.087430261,0.002732196,0.393436173,0.012021661,0.078140796,0.013660978,0.920749933,0.002732196,0.484691508,0.002732196,0.0125681,0.009289465,0.008196587,0.0125681,0.102184117,0.007650148,95.0186609,0,2.486844478
43,S,0.05628323,0.059015426,0.014753856,0,0.549717764,0.01912537,0.086337382,0.185789304,0.001639317,0.033332787,0,0.002732196,2.938203199,0.007650148,0.003825074,95.0383327,0.546985569,0.012021661,0.021311126,0.392343295
44,I,0.002185757,0.09398753,0.001639317,0,0.45190516,0.014753856,0.079233674,94.94215942,0.007103709,2.651869095,0.155735152,0.497259608,0.009289465,0.004371513,0.008743026,0.202182478,0.341524456,0.49616673,0.004371513,0.001639317
45,V,0.47704136,0.090162456,0.467205456,0,0.177592717,0.074315722,0.008743026,0.811462107,0.004371513,0.215843456,0.001639317,0.004371513,0.20710043,0.001092878,0.001639317,2.660612121,0.014207417,94.7295946,0,0.010928783
46,P,0.11912373,0,0,0,0.000546439,0.001092878,2.814161516,0.102730556,0.001092878,0.555728595,0,0.009835904,94.55582695,0.353546117,0.049179522,0.74698229,0.616383338,0.002732196,0.002185757,0.033332787
47,S,0.043168691,0.082512309,0.000546439,0.000546439,0.556275034,0,0.099451922,0.091801774,0.007103709,0.032239909,0.004917952,0.005464391,3.338196642,0.016393174,0.001639317,94.70937635,0.598897286,0.022404004,0,0.352453238
48,T,0.362289143,0.112566461,0.003825074,0.002185757,0.003278635,0.024043322,0.085244504,0.668295055,0,2.905416851,0.016393174,0.326770599,0.082512309,0.005464391,0.014753856,0.714195942,94.49353289,0.1131129,0.024589761,0.00655727
49,V,0.412015104,2.963885838,0.003278635,0.512559903,0.001639317,0.130052513,0.002732196,0.010382343,0.016393174,0.410375786,0.837691185,0.003825074,0.004371513,0.009289465,0.023496883,0.033879226,0.004917952,94.43888898,0.110927143,0.021311126
50,W,0.003825074,0.681956034,0.007650148,0.128413195,0.007103709,3.173172025,0.000546439,0.001639317,0.014207417,0.380321634,0.004917952,0.001092878,0,0.020218248,0.889056464,0.070490648,0.027868396,0.103276995,93.37114692,0.004371513
51,E,0.026229078,0.000546439,0.784140151,93.83944525,0.000546439,0.637694464,0,0.008743026,3.666606558,0.01857893,0.022950443,0.01912537,0.004371513,0.049725961,0.166117495,0.003278635,0.016393174,0.377042999,0.000546439,0.007103709
52,D,0.083605187,0,94.36839833,0.372671486,0.000546439,0.382507391,0.066665574,0.00601083,0.014207417,0.003278635,0.024043322,0.506549073,0.001092878,0.002185757,0.246990486,0.03169347,3.178089977,0.344803091,0.002185757,0.322399086
53,G,0.126227439,0.548624886,0.843702016,0.015846735,0.000546439,93.79846232,0.009289465,0.01912537,0,0.008196587,0.039890056,0.007103709,0.017486052,0.001639317,0.203275356,0.776490003,0.002732196,3.374808063,0.000546439,0.013114539
54,D,0.042622252,0.002185757,93.91376098,0.446440769,0.022950443,0.380868073,0.084151626,3.278634776,0.001639317,0.171581887,0.001639317,0.545346251,0.000546439,0.004371513,0.000546439,0.00655727,0.039890056,0.489063021,0.001092878,0.428954717
55,Y,0.003278635,0.262290782,0.061747622,0.032786348,0.527860199,0.002732196,0.227865117,3.389015481,0.014207417,0.248629804,0.001639317,0.318574012,0.000546439,0.004917952,0.007650148,0.036611422,0.015300296,0.014207417,0.004917952,94.18206259
56,Y,0,0.299995082,0.069397769,0.001092878,0.526767321,0.029507713,0.283055469,3.462784763,0.018032491,0.126227439,0.014207417,0.364474899,0.007103709,0.030054152,0.117484413,0.0502724,0.010928783,0.007650148,0.000546439,93.82578428
57,R,0.010382343,0.001639317,0.001639317,0.197810965,0,3.831084736,0,0.00601083,0.65900559,0.028961274,0.626219242,0.015300296,0,0.008743026,93.52742851,0.363382021,0.088523139,0.013114539,0.455183795,0.004371513
58,K,0.00601083,0.001092878,0.014753856,0.460101747,0,0.012021661,0.003825074,0.509827708,93.40010819,0.020218248,0,4.047474632,0.007650148,0.178139156,0.452451599,0.023496883,0.306005912,0.003278635,0,0.024043322
59,Q,0.001092878,0,0.015300296,0.073222843,0,0.001639317,0.526220882,0.016939613,0.120763048,0.693977694,0.021857565,3.552947219,0.095626848,93.54928608,0.338245821,0.026229078,0.304366595,0.000546439,0.014753856,0.036611422
60,L,0.00655727,0.00655727,0.002185757,0,0.009835904,0.027868396,0.026229078,0.512559903,0.000546439,94.44927132,0,0.014207417,0.349721043,0.532778151,0.057922548,0.123495243,0.107102069,0.120216608,0,3.597755228
61,S,0.051365278,0.045354448,0,0,0.500538243,0.00655727,0.036611422,0.122948804,0.000546439,3.615787719,0,0.001639317,0.444255012,0.005464391,0.004371513,94.39572029,0.375950121,0.015846735,0,0.321852647
62,P,0.047540204,0.001639317,0.003278635,0.009835904,0,0.020764687,3.636005967,0.00601083,0.002185757,0.620754851,0.004371513,0.016393174,93.74217909,0.538242542,0.080872991,0.64042666,0.568296695,0.001639317,0,0.013114539
63,L,0,0.010928783,0.008196587,0.1131129,0.613651142,0.008743026,0.530592395,0.310377426,0.015300296,97.21589264,0.015846735,0.001092878,0.484145069,0.00601083,0.146992126,0.033332787,0.112566461,0.108194948,0.003278635,0.002732196
64,E,0.050818839,0.001092878,0.626765681,93.23071206,0,0.563925182,0,0.003825074,4.134904892,0.008743026,0.023496883,0.030054152,0.003825074,0.066665574,0.219122091,0.001639317,0.026229078,0.47704136,0.001639317,0.002185757
65,G,0.114752217,0.586875625,0.713103064,0.029507713,0.001639317,93.37606487,0.001092878,0.005464391,0.004917952,0.012021661,0.029507713,0.002732196,0.001092878,0.001092878,0.191800134,0.570482451,0.000546439,4.101025666,0.201636039,0.002732196
66,G,0.137156221,0.484145069,0.902171003,0.026229078,0.002185757,93.00066119,0.004371513,0.003278635,0.000546439,0.016939613,0.044808009,0.005464391,0.001092878,0.020764687,0.146445687,0.650262564,0.01912537,4.150205188,0.329502795,0.008743026
67,G,4.172062753,0.358464069,0.946432572,0.004917952,0.002732196,92.97388567,0.000546439,0.002185757,0.005464391,0.237701021,0.002185757,0.000546439,0.010928783,0,0.077594356,0.573761086,0.036611422,0.293984252,0.232783069,0.022404004
68,W,0.247536926,0.399993443,0.027321956,0,0.002732196,4.263318088,0.000546439,0.002732196,0.007103709,0.572668208,0.003278635,0.004917952,0.004917952,0.007650148,0.989601263,0.105462752,0.001092878,0.013660978,92.10996541,0.001092878
69,L,0.123495243,0.241526095,0,0,0.786872346,0.002732196,0.554089277,0.312563182,0.001092878,97.10879057,0.034972104,0.004371513,0.339338699,0.001639317,0.165571056,0.015300296,0.022950443,0.2010896,0.007650148,0.013660978
70,V,0.525128003,0.350813921,0.528953077,0.001639317,0.16939613,0.115845095,0,0.607093873,0.001092878,4.40648514,0.014207417,0.007103709,0.000546439,0.005464391,0.000546439,0.027868396,0.019671809,93.13672453,0.007650148,0.004917952
71,A,93.03508686,0.115298656,0.28851986,0.014753856,0.004371513,0.089616017,0.001092878,0.010928783,0.001092878,4.313044048,0.004917952,0.004371513,0.096173287,0.022950443,0.003825074,0.27595176,0.702174281,0.726217603,0.001639317,0.003278635
72,S,0.036064983,0.526767321,0.001092878,0.016939613,0,0.50217756,0.002732196,0.314202499,0.002185757,0.01857893,0.03169347,0.648076807,0.000546439,0.014753856,0.580864795,92.39903171,0.122948804,4.360037814,0.246990486,0.004371513
73,G,4.496101157,0.412561543,0.834412551,0.004371513,0.009835904,92.63400054,0.001092878,0.001639317,0,0.267755173,0,0.004371513,0.003825074,0.01857893,0.091255335,0.741517899,0.041529374,0.255187073,0.118030852,0.004917952
74,S,0.061201182,0.000546439,0.001092878,0.001092878,0.007650148,0.008196587,0.026229078,0.003825074,0.008743026,0.738239264,0,0.25081556,0.400539882,4.4059387,0.019671809,93.06404813,0.58359699,0.032239909,0.003825074,0.005464391
75,T,0.424036764,0.274312443,0.004917952,0,0.002185757,0.001639317,0.001092878,0.631683634,0.001639317,4.473150713,0.042075813,0.418025934,0.10655563,0.026775517,0.010382343,0.549171325,92.83017218,0.139888417,0.001092878,0.003825074
76,V,0.475402043,0.375403682,0.507641951,0,0.234422387,0.1382491,0.001092878,0.632776512,0,4.576427709,0.0251362,0.002732196,0.040436496,0.000546439,0.00655727,0.020764687,0.016393174,92.84875111,0.001639317,0.00601083
77,A,92.43673601,0.123495243,0.314202499,0.000546439,0.014753856,0.118577291,0.26338366,0.004371513,0.020218248,0.032786348,0.125681,0.002185757,4.611946252,0.022950443,0.004371513,0.254640634,0.779222199,0.801079764,0,0.001092878
78,M,0.004371513,0.0251362,0.260105026,0.010928783,0.003825074,0.016939613,0.121855926,0.898345929,0.480866434,0.609826068,91.89084332,0.004917952,0.001639317,0.007650148,0.120216608,0.00601083,0.524035125,0.380321634,0.022950443,0.004917952
79,T,0.27595176,0.009289465,0.133331148,0.148085004,0.002185757,0.001092878,0,0.630044316,0.002185757,4.582438539,0.025682639,0.249176243,0.083058748,0.027868396,0.011475222,0.605454555,92.86569073,0.0125681,0.002185757,0.00601083
80,E,0.368299973,0.013114539,0.400539882,92.14275176,0.020764687,0.468844773,0.000546439,0.012021661,0.551903521,0.013114539,0.002185757,0.046993765,0.004371513,0.192893013,0.022950443,4.575334831,0.021857565,0.50217756,0.001639317,0.001639317
81,Q,0.1508172,0.000546439,0.012021661,0.134424026,0.002185757,0.001092878,0.516931416,0.291798495,0.208739747,0.712556625,0,4.585717174,0.084698065,92.05969301,0.357371191,0.01912537,0.009289465,0.0251362,0,0.045900887
82,L,0.004371513,0.013660978,0.009289465,0.001092878,0.666109299,0,0.011475222,0.531138834,0,92.51433037,0.013660978,0.044808009,0.003825074,0.151910078,0.021857565,0.312563182,0.277591078,0.093441091,0.007103709,4.831068343
83,Q,0,0.000546439,0.296170008,0.176499839,0,0.032786348,0.63386939,0.027868396,0.251362,0.683595351,0.130052513,0.002732196,0.163931739,91.29904974,5.281880625,0.019671809,0.139341978,0.005464391,0.021311126,0.0251362
84,M,0.020764687,0.015846735,0.132784708,0.003278635,0.009835904,0.434419108,0.004371513,0.825669525,0.502723999,0.568296695,91.67281411,0.010382343,0.000546439,0.005464391,0.130598952,0.003825074,0.406004273,0.341524456,4.81412873,0.001092878
85,G,5.058387021,0.398900564,0.674852325,0.003278635,0.13169183,92.46788304,0.001639317,0.001092878,0.022404004,0.309830986,0.004917952,0.003278635,0.003278635,0.001639317,0.058468987,0.563925182,0.051365278,0.181417791,0.003278635,0.000546439
86,F,0.003278635,0.170489008,0.013114539,0.001639317,91.52363622,0.136063343,0.001092878,0.38906466,0,6.126675519,0.027868396,0.002732196,0.005464391,0.000546439,0.004917952,0.574853964,0.003825074,0.149724321,0.290705617,0.492341656
87,G,0.170489008,0.297809326,0.830587477,0.01857893,0.003278635,91.52910062,0.000546439,0.174860521,0.001639317,0.044808009,0,0.008196587,0.002732196,0,0.109834265,0.589607821,0.023496883,5.688977776,0.131145391,0.308738108
88,I,0.001639317,0.004371513,0.000546439,0,0.302727278,0.003825074,0.001639317,92.06351808,0.001092878,5.45455539,0.0377043,0.630590755,0.005464391,0.018032491,0.000546439,0.140434856,0.526220882,0.284694786,0,0.444255012
89,T,0.342070895,0.004371513,0.004371513,0.009289465,0.01912537,0.001639317,0.020764687,0.72840336,0.277044639,0.038797178,0.003278635,0.005464391,0.090162456,5.58023639,0.216936334,0.839876942,91.43565952,0.140981295,0,0.139341978
90,V,0.34534953,0.004917952,0.47103053,0.003825074,5.972033245,0.103823435,0.000546439,0.724031846,0.000546439,0.212018382,0,0.01912537,0.001639317,0.138795539,0.001639317,0.466112577,0.007650148,91.41871991,0,0.032239909
91,Q,0.003278635,0.014207417,0.027321956,0.0754086,0.003825074,0.029507713,0.64042666,0.366660656,0.416933056,0.500538243,0.01857893,5.612476298,0.064479817,90.78157189,0.515292099,0.174860521,0.007650148,0.005464391,0.001092878,0.156281591
92,Y,0.000546439,0.292891373,0.103823435,0.003278635,0.356824752,0.136063343,0.186882182,0.207646869,0.033879226,0.036064983,5.670945285,0.354638995,0.017486052,0.007650148,0.008743026,0.108194948,0.032786348,0.028961274,0.327317039,91.32582526
93,G,0.177592717,0.519663612,0.86009519,0.021311126,0.002185757,90.88430244,0.001092878,0.067212013,0.014207417,0.016939613,0.001639317,0.002185757,0.000546439,0.01912537,0.080872991,0.553542838,0.136063343,6.099353563,0.142620613,0.33278143
94,T,0.35791763,0,0.137156221,0.005464391,0,0.003825074,0.027321956,0.965557942,0.26338366,0.061747622,0.001092878,0.009835904,0.098359043,5.800451359,0.543706934,0.516384977,90.91053152,0.024589761,0.001639317,0.143167052
95,D,0.098359043,0.001639317,90.99850822,0.403272078,0.000546439,0.299448643,0.404911395,0.034972104,0.00655727,0.001092878,0,0.550810642,0.025682639,0.005464391,0.154642274,0.01912537,6.034327306,0.415840177,0,0.478680677
96,T,0.380868073,0.003278635,0.003278635,0.001092878,0.01857893,0,0.142074174,0.736599946,0.002732196,0.044808009,0.000546439,0.355185434,5.979683393,0.367207095,0.010382343,0.667748616,91.18375109,0.010382343,0,0.021857565
97,N,0.015300296,0.002185757,0.432233351,0.002732196,0.00601083,0.002732196,0.071583526,6.59060234,0.595618651,0.040982935,0.0125681,90.29688038,0.002185757,0.142620613,0.005464391,0.556275034,0.092894652,0.054097474,0,0.664469981
98,S,0.015846735,0.924028568,0.001639317,0.030054152,0.022950443,0.303820156,0,0.358464069,0.004917952,0.049725961,0.036611422,0.650262564,0.001092878,0.003825074,0.592340016,90.4214685,0.109834265,6.255088714,0,0.003825074
99,V,0.367207095,0.284694786,0.542614056,0.002732196,6.294978771,0.089069578,0.000546439,0.579225477,0,0.510374147,0.003278635,0.002732196,0.0125681,0,0.000546439,0.029507713,0.00601083,91.13730376,0.001092878,0.061747622
100,C,6.252356519,90.12311274,0.016939613,0.001639317,0.159013787,0.099451922,0.00655727,0.000546439,0.008196587,0.147538565,0.001092878,0.003278635,0.52075649,0.003278635,0.567203816,0.885777829,0.059015426,0.040436496,0.092894652,0.748075168
101,P,0.059561865,0.007103709,0,0.001092878,0.003825074,0.001092878,0.53988186,0.004917952,0.151363639,0.787418785,0.001639317,0.001639317,96.62136686,0.407643591,0.094533969,0.708731551,0.511467025,0.020764687,0,0.003825074
102,K,0.393982612,0.043168691,0.002185757,0.563925182,0.002185757,0.033332787,0.003825074,0.037157861,89.18760895,0.169942569,0.550264203,0.44589433,0.00601083,0.289066299,0.508734829,6.927755283,0.176499839,0.007103709,0,0.001092878
103,L,0.168303252,0.001092878,0.002185757,0.137702661,0.694524133,0.004371513,0.513106343,0.28250903,0.00655727,96.90770097,0.034425665,0.022950443,0.489063021,0.003825074,0.076501478,0.040436496,0.001092878,0.091255335,0.004917952,0.003825074
104,E,0.065572696,0.004917952,0.675398764,89.25318164,0.136609782,0.509281269,0.004371513,0.442615695,0.532231712,0.03169347,0.000546439,7.055622039,0.000546439,0.05628323,0.001639317,0.039343617,0.010382343,0.548078447,0,0.032239909
105,F,0.139888417,0.559553669,0.003825074,0.003278635,89.10127156,0.001639317,0.001092878,0.535510347,0.001092878,8.199319137,0.040982935,0.014207417,0.001639317,0.014207417,0.001092878,0.548078447,0,0.0754086,0.004371513,0.598897286
106,A,89.68486855,0.159013787,0.306552352,0.005464391,0.003825074,0.114205778,0,0.021857565,0.000546439,7.329934482,0.022950443,0.1382491,0.102730556,0.034425665,0.009289465,0.152456517,0.675398764,0.728949799,0,0.004371513
107,N,0.004917952,0.00601083,0.57758616,0.008196587,0.004371513,0.016939613,0.084151626,0.492341656,0.663923542,0.040982935,7.392228543,89.07504249,0.000546439,0,0.004917952,0.391250417,0.157374469,0.030600591,0.000546439,0.354638995
108,D,0.1633853,0.001639317,89.00236608,0.410375786,0.002185757,0.380321634,0.488516582,0.053004596,0.027868396,0.003825074,0.002185757,0.572668208,0.003825074,0.024589761,0.024043322,0.039890056,7.611350634,0.516384977,0,0.424583204
109,T,0.426222521,0.016939613,0.003278635,0.014207417,0.000546439,0.000546439,0.220214969,0.759003951,0.887417146,0.053004596,0.001639317,0.0125681,0.145899248,7.422829134,0.197810965,0.591793577,89.10400376,0.000546439,0,0.002185757
110,K,0.008196587,0.002185757,0.007103709,0.534963908,0.000546439,0.000546439,0.000546439,0.902717442,95.41701502,0.032786348,0.002732196,1.366644263,0,0.153002956,0.424583204,0.003825074,0.255733513,0.014207417,0.001092878,0.004371513
111,I,0.144806369,0.487423703,0.002185757,0.014207417,0.382507391,0.001092878,0.001092878,88.75920067,0.008743026,8.226094654,0.150270761,0.684688229,0.026229078,0,0.004917952,0.195625208,0.520210051,0.251908439,0.004917952,0.010382343
112,A,88.73078583,0.2010896,0.209286187,0,0.007103709,0.127320317,0.060654743,0.010382343,0.000546439,0.567203816,0,0.002732196,8.048501937,0.008196587,0.004371513,0.432233351,0.65299476,0.836051868,0.001092878,0.017486052
113,S,0.077047917,0.092348213,0,0,0.604361677,0.001092878,0.038250739,0.033332787,0.001639317,8.299863937,0,0.024043322,0.498898925,0.139888417,0.00601083,89.12804708,0.531685273,0.009289465,0,0.413654421
114,Q,0.001639317,0.001092878,0.042622252,0.074315722,0.001092878,0.008196587,0.643705294,0.529499516,0.385239586,0.691245499,0,8.057791402,0.112566461,87.94282061,0.580864795,0.237154582,0.01857893,0.001092878,0,0.037157861
115,L,0.026229078,0.000546439,0.002185757,0.00655727,0.576493282,0.143167052,0.000546439,0.651355442,0.03169347,88.48762042,0.005464391,0.014207417,0.001639317,0.035518543,0.516931416,0.371578608,0.005464391,0.099998361,0.022950443,0.074315722
116,G,8.564340475,0.557914351,0.705999355,0.017486052,0.001092878,88.26685901,0.002185757,0.026775517,0.004371513,0.010928783,0.001092878,0.145352808,0,0.512559903,0.279776834,0.512013464,0.044261569,0.242072534,0.000546439,0.003825074
117,N,0.033879226,0.141527735,0.60873319,0.002732196,0.037157861,0.004917952,0.094533969,8.933733327,0.53988186,0.53332459,0.016939613,87.61331781,0,0.20710043,0.009835904,0.44534789,0.108741387,0.0502724,0,0.512013464
118,C,8.665431714,88.00730043,0.001092878,0.032786348,0.139341978,0.078687235,0.005464391,0.005464391,0,0.210379065,0.003278635,0.003278635,0.001092878,0,0.883592072,0.521302929,0.048633083,0.21966853,0.164478178,0.60272236
119,V,0.380868073,0.05628323,0.002185757,0.642612416,0.003278635,0.657912712,0.000546439,0.010928783,0.003825074,0.364474899,0.915285542,0.0251362,0,0.004917952,0.26994093,0.004917952,0.002185757,87.82424332,8.595487506,0.008196587
120,E,0.034972104,0.001639317,0.570482451,87.38927777,0.001639317,0.790150981,0.003278635,0.597804408,0.554635716,0.003278635,0.002185757,8.766522953,0,0.078140796,0.003825074,0.044808009,0.007103709,0.429501156,0.00601083,0.185789304
121,Y,0.024589761,0.281962591,0.016939613,0.004917952,0.204368234,0.000546439,0.245351169,9.152855418,0.047540204,0.025682639,0.002185757,0.315841817,0.002732196,0.001639317,0.00655727,0.179232034,0.010382343,0.0251362,0,88.32696732
